INSERT INTO Dane_kontaktowe
VALUES ('00000', 'Szczecin','Nowobielawska', '2/A', '730413634','0@mail.pl', '08-392');

INSERT INTO Dane_kontaktowe
VALUES ('00001', 'Olsztyn','Robotnicza', '12', '796528061','1@mail.pl', '18-634');

INSERT INTO Dane_kontaktowe
VALUES ('00002', 'Kraków','Kosiby', '6', '176956621','2@mail.pl', '67-231');

INSERT INTO Dane_kontaktowe
VALUES ('00003', 'Zabrze','Witosa', '7/2', '850927180','3@mail.pl', '63-324');

INSERT INTO Dane_kontaktowe
VALUES ('00004', 'Kielce','Leœna', '23', '598260769','4@mail.pl', '53-632');

INSERT INTO Dane_kontaktowe
VALUES ('00005', 'D¹browa Górnicza','Urocza', '11', '159280476','5@mail.pl', '01-234');

INSERT INTO Dane_kontaktowe
VALUES ('00006', 'Bytom','Krzywoñ', '8', '570364835','6@mail.pl', '27-215');

INSERT INTO Dane_kontaktowe
VALUES ('00007', 'Opole','Kasztanowa', '4', '536139036','7@mail.pl', '32-632');

INSERT INTO Dane_kontaktowe
VALUES ('00008', 'Lublin','Urocza', '7', '004852220','8@mail.pl', '03-233');

INSERT INTO Dane_kontaktowe
VALUES ('00009', 'Toruñ','Matejki', '51', '918561908','9@mail.pl', '34-834');

INSERT INTO Dane_kontaktowe
VALUES ('0000A', 'Rzeszów','Akacjowa', '2', '716494841','A@mail.pl', '44-845');

INSERT INTO Dane_kontaktowe
VALUES ('0000B', 'Œwiêtoch³owice','Parkowa', '8', '491504510','B@mail.pl', '53-568');

INSERT INTO Dane_kontaktowe
VALUES ('0000C', 'Radom','Karbowska', '5', '368692926','C@mail.pl', '09-403');

INSERT INTO Dane_kontaktowe
VALUES ('0000D', 'Kalisz','Ametystowa', '14', '472691659','D@mail.pl', '32-823');

INSERT INTO Dane_kontaktowe
VALUES ('0000E', 'Opole','S³owiañska', '41', '530353521','E@mail.pl', '12-076');

INSERT INTO Dane_kontaktowe
VALUES ('0000F', 'Zamoœæ','S³owackiego', '17', '930327161','F@mail.pl', '34-785');

INSERT INTO Dane_kontaktowe
VALUES ('00010', 'Siedlce','Kadetów', '2', '335214380','10@mail.pl', '68-324');

INSERT INTO Dane_kontaktowe
VALUES ('00011', 'Konin','Ogrodowa', '3', '498290940','11@mail.pl', '59-423');

INSERT INTO Dane_kontaktowe
VALUES ('00012', 'Wa³brzych','Sosnowa', '3', '362256360','12@mail.pl', '44-623');

INSERT INTO Dane_kontaktowe
VALUES ('00013', 'Elbl¹g','Kasztanowa', '17', '636524995','13@mail.pl', '75-942');

INSERT INTO Dane_kontaktowe
VALUES ('00014', 'Leszno','Miodowa', '15', '615096194','14@mail.pl', '00-675');

INSERT INTO Dane_kontaktowe
VALUES ('00015', 'P³ock','Orzechowa', '5', '471552192','15@mail.pl', '62-784');

INSERT INTO Dane_kontaktowe
VALUES ('00016', 'Gdynia','Dworcowa', '21', '717444294','16@mail.pl', '12-543');

INSERT INTO Dane_kontaktowe
VALUES ('00017', 'Siemianowice Œl¹skie','Kiliñskiego', '7/B', '899265593','17@mail.pl', '23-123');

INSERT INTO Dane_kontaktowe
VALUES ('00018', 'Zielona Góra','Ró¿ana', '12', '391836511','18@mail.pl', '21-867');

INSERT INTO Dane_kontaktowe
VALUES ('00019', 'Tarnów','Widokowa', '25', '830379860','19@mail.pl', '61-717');

INSERT INTO Dane_kontaktowe
VALUES ('0001A', 'W³oc³awek','S³owiañska', '9/18', '298804233','1A@mail.pl', '32-532');

INSERT INTO Dane_kontaktowe
VALUES ('0001B', '¯ory','Piesza', '16', '094983363','1B@mail.pl', '45-755');

INSERT INTO Dane_kontaktowe
VALUES ('0001C', 'Konin','Moniuszki', '12', '331689755','1C@mail.pl', '34-897');

INSERT INTO Dane_kontaktowe
VALUES ('0001D', 'Elbl¹g','Nieca³a', '1', '361163509','1D@mail.pl', '63-798');

INSERT INTO Dane_kontaktowe
VALUES ('0001E', 'Bytom','Æwikliñskiej', '10', '401541398','1E@mail.pl', '42-096');

INSERT INTO Dane_kontaktowe
VALUES ('0001F', 'Jastrzêbie-Zdrój','Kasztanowa', '18', '018439733','1F@mail.pl', '32-511');


INSERT INTO Osoby
VALUES ('00000', 'Tomasz','Wablik', '1994-11-04', 'Mê¿czyzna', NULL);

INSERT INTO Osoby
VALUES ('00001', 'Remigiusz','Zimno', '1996-09-12', 'Mê¿czyzna', NULL);

INSERT INTO Osoby
VALUES ('00002', 'Weronika','Piernik', '1998-01-21', 'Kobieta', NULL);

INSERT INTO Osoby
VALUES ('00003', 'Koushun','Takama', '1991-07-06', 'Mê¿czyzna', NULL);

INSERT INTO Osoby
VALUES ('00004', 'Karolina','Zaufana', '1985-04-14', 'Kobieta', NULL);

INSERT INTO Osoby
VALUES ('00005', 'Artur','Urbanowit', '1989-12-10', 'Mê¿czyzna', NULL);

INSERT INTO Osoby
VALUES ('00006', 'Grzegorz','Kopiek', '1996-02-16', 'Mê¿czyzna', NULL);

INSERT INTO Osoby
VALUES ('00007', 'Sara','Mus', '1997-07-24', 'Kobieta', NULL);

INSERT INTO Osoby
VALUES ('00008', 'Cyryl','Liu', '1993-08-13', 'Mê¿czyzna', NULL);

INSERT INTO Osoby
VALUES ('00009', 'Natasha','Soha', '1991-11-09', 'Kobieta', NULL);

INSERT INTO Osoby
VALUES ('0000A', 'Agata','Baczyk', '1995-12-17', 'Kobieta', NULL);

INSERT INTO Osoby
VALUES ('0000B', 'Pawe³','Zawadzki', '1991-01-12', 'Mê¿czyzna', '00000');

INSERT INTO Osoby
VALUES ('0000C', 'Arkadiusz','Gajewski', '1999-01-22', 'Mê¿czyzna', '00001');

INSERT INTO Osoby
VALUES ('0000D', 'Dariusz','B¹k', '2002-11-08', 'Mê¿czyzna', '00002');

INSERT INTO Osoby
VALUES ('0000E', 'Kordian','W³odarczyk', '2001-09-17', 'Mê¿czyzna', '00003');

INSERT INTO Osoby
VALUES ('0000F', 'Roman','Soko³owski', '1999-02-23', 'Mê¿czyzna', '00004');

INSERT INTO Osoby
VALUES ('00010', 'Bruno','B³aszczyk', '1995-11-01', 'Mê¿czyzna', '00005');

INSERT INTO Osoby
VALUES ('00011', 'Liliana','Gajewska', '1997-05-11', 'Kobieta', '00006');

INSERT INTO Osoby
VALUES ('00012', 'Jowita','D¹browska', '2003-06-16', 'Kobieta', '00007');

INSERT INTO Osoby
VALUES ('00013', 'Marzanna','Kaczmarczyk', '1999-11-29', 'Kobieta', '00008');

INSERT INTO Osoby
VALUES ('00014', 'Kamila','Koz³owska', '2002-03-28', 'Kobieta', '00009');


INSERT INTO Autorzy
VALUES ('00000', 'Polski autor grozy, pisz¹cy g³ównie horrory psychologiczne');

INSERT INTO Autorzy
VALUES ('00001', 'Polski pisarz, autor powieœci, prawnik');

INSERT INTO Autorzy
VALUES ('00002', 'Polska pisarka, eseistka, poetka i autorka scenariuszy, psychoterapeutka');

INSERT INTO Autorzy
VALUES ('00003', 'To japoñski pisarz i dziennikarz');

INSERT INTO Autorzy
VALUES ('00004', 'Autorka kilkunastu bestsellerowych powieœci. Z wykszta³cenia jest lekarzem weterynarii.');

INSERT INTO Autorzy
VALUES ('00005', 'Polski autor grozy. Z wykszta³cenia matematyk i wyk³adowca akademicki.');

INSERT INTO Autorzy
VALUES ('00006', 'Polski pisarz fantasy, z wykszta³cenia ekonomista.');

INSERT INTO Autorzy
VALUES ('00007', 'Amerykañska pisarka powieœci fantasy.');

INSERT INTO Autorzy
VALUES ('00008', 'Jedna z najwiêkszych gwiazd chiñskiej i œwiatowej fantastyki naukowej. Zanim w pe³ni poœwiêci³ siê karierze pisarskiej, przez wiele lat pracowa³ jako in¿ynier w elektrowni.');

INSERT INTO Autorzy
VALUES ('00009', 'Dziennikarka, felietonistka i pisarka.');

INSERT INTO Autorzy
VALUES ('0000A', 'Jedna z najbardziej poczytnych polskich pisarek, nazywana królow¹ polskiego domestic noir, autorka thrillerów psychologicznych i romansów.');


INSERT INTO Klienci
VALUES ('0000B', '2022-10-17');

INSERT INTO Klienci
VALUES ('0000C', '2022-01-23');

INSERT INTO Klienci
VALUES ('0000D', '2021-12-13');

INSERT INTO Klienci
VALUES ('0000E', '2022-09-09');

INSERT INTO Klienci
VALUES ('0000F', '2022-05-12');

INSERT INTO Klienci
VALUES ('00010', '2022-04-30');

INSERT INTO Klienci
VALUES ('00011', '2022-07-05');

INSERT INTO Klienci
VALUES ('00012', '2021-12-16');

INSERT INTO Klienci
VALUES ('00013', '2022-02-07');

INSERT INTO Klienci
VALUES ('00014', '2021-11-04');


INSERT INTO Wydawnictwa
VALUES ('PZN', '0000A');

INSERT INTO Wydawnictwa
VALUES ('Znaki', '0000B');

INSERT INTO Wydawnictwa
VALUES ('Czerwone', '0000C');

INSERT INTO Wydawnictwa
VALUES ('Wydawnictwo Lagora', '0000D');

INSERT INTO Wydawnictwa
VALUES ('W.U.B.', '0000E');

INSERT INTO Wydawnictwa
VALUES ('Muza', '0000F');

INSERT INTO Wydawnictwa
VALUES ('Wszechœwiat Ksi¹¿ki', '00010');

INSERT INTO Wydawnictwa
VALUES ('Wasper', '00011');

INSERT INTO Wydawnictwa
VALUES ('Pi¹ta strona', '00012');

INSERT INTO Wydawnictwa
VALUES ('Foxal', '00013');


INSERT INTO Firmy_kurierskie
VALUES ('UPSSs', '00014');

INSERT INTO Firmy_kurierskie
VALUES ('OutPost', '00015');

INSERT INTO Firmy_kurierskie
VALUES ('GIS', '00016');

INSERT INTO Firmy_kurierskie
VALUES ('Geiz', '00017');

INSERT INTO Firmy_kurierskie
VALUES ('FeedEx', '00018');

INSERT INTO Firmy_kurierskie
VALUES ('PDP', '00019');

INSERT INTO Firmy_kurierskie
VALUES ('Kurier Polski', '0001A');

INSERT INTO Firmy_kurierskie
VALUES ('FPaczka', '0001B');

INSERT INTO Firmy_kurierskie
VALUES ('HDL', '0001C');

INSERT INTO Firmy_kurierskie
VALUES ('Stacja Paczka', '0001D');


INSERT INTO Zamówienia
VALUES ('00000', '2022-12-05','Dostarczone', 'OutPost','0000D');

INSERT INTO Zamówienia
VALUES ('00001', '2022-12-17','Wys³ane', 'FeedEx','00011');
		
INSERT INTO Zamówienia
VALUES ('00002', '2021-06-21','Dostarczone', 'PDP','0000B');
		
INSERT INTO Zamówienia
VALUES ('00003', '2022-02-21','Dostarczone', 'GIS','00014');
		
INSERT INTO Zamówienia
VALUES ('00004', '2022-12-14','Wys³ane', 'FPaczka','00014');
		
INSERT INTO Zamówienia
VALUES ('00005', '2022-12-12','Wys³ane', 'Kurier Polski','00013');
		
INSERT INTO Zamówienia
VALUES ('00006', '2022-12-18','Przygotowywana', 'HDL','0000C');
		
INSERT INTO Zamówienia
VALUES ('00007', '2022-12-16','Potwierdzone', 'UPSSs','0000F');
		
INSERT INTO Zamówienia
VALUES ('00008', '2022-12-18','Przygotowywana', 'PDP','00011');
		
INSERT INTO Zamówienia
VALUES ('00009', '2022-12-17','Wys³ane', 'Geiz','0000E');
		
INSERT INTO Zamówienia
VALUES ('0000A', '2022-12-14','Dostarczone', 'UPSSs','0000C');

INSERT INTO Zamówienia
VALUES ('0000B', '2022-06-01','Dostarczone', 'OutPost','00011');

INSERT INTO Zamówienia
VALUES ('0000C', '2022-12-19','Potwierdzone', 'UPSSs','00014');

INSERT INTO Zamówienia
VALUES ('0000D', '2022-12-19','Potwierdzone', 'PDP','00013');

INSERT INTO Zamówienia
VALUES ('0000E', '2022-12-16','Wys³ane', 'OutPost','0000D');

INSERT INTO Zamówienia
VALUES ('0000F', '2022-08-01','Dostarczone', 'GIS','0000F');

INSERT INTO Zamówienia
VALUES ('00010', '2022-09-11','Dostarczone', 'GIS','0000E');


INSERT INTO Ksi¹¿ki
VALUES ('00000', 'DŸwig osobowy','Opis ksi¹¿ki "DŸwig osobowy"','Horror','00000');

INSERT INTO Ksi¹¿ki
VALUES ('00001', 'Strach','Opis ksi¹¿ki "Strach"','Horror','00000');

INSERT INTO Ksi¹¿ki
VALUES ('00002', 'Dylemat','Opis ksi¹¿ki "Dylemat"','Krymina³','00001');

INSERT INTO Ksi¹¿ki
VALUES ('00003', 'Magik','Opis ksi¹¿ki "Magik"','Krymina³','00001');

INSERT INTO Ksi¹¿ki
VALUES ('00004', 'Mo¿e teraz','Opis ksi¹¿ki "Mo¿e teraz"','Romans','00002');

INSERT INTO Ksi¹¿ki
VALUES ('00005', 'Królewska walka','Opis ksi¹¿ki "Królewska walka"','Thriller','00003');

INSERT INTO Ksi¹¿ki
VALUES ('00006', 'Dwór ró¿ bez cierni','Opis ksi¹¿ki "Dwór ró¿ bez cierni"','Fantastyka','00004');

INSERT INTO Ksi¹¿ki
VALUES ('00007', 'Doœwiadczenie','Opis ksi¹¿ki "Doœwiadczenie"','Horror','00005');

INSERT INTO Ksi¹¿ki
VALUES ('00008', 'W³adca opasek','Opis ksi¹¿ki "W³adca opasek"','Fantastyka','00006');

INSERT INTO Ksi¹¿ki
VALUES ('00009', 'Demony','Opis ksi¹¿ki "Demony"','Fantastyka','00007');

INSERT INTO Ksi¹¿ki
VALUES ('0000A', 'Piorun szeœcienny','Opis ksi¹¿ki "Piorun szeœcienny"','Science Fiction','00008');

INSERT INTO Ksi¹¿ki
VALUES ('0000B', 'Problem czterech cia³','Opis ksi¹¿ki "Problem czterech cia³"','Science Fiction','00008');

INSERT INTO Ksi¹¿ki
VALUES ('0000C', 'Dekada supernowej','Opis ksi¹¿ki "Dekada supernowej"','Science Fiction','00008');

INSERT INTO Ksi¹¿ki
VALUES ('0000D', 'Listy','Opis ksi¹¿ki "Listy"','Thriller','00009');

INSERT INTO Ksi¹¿ki
VALUES ('0000E', 'SMS-y zza grobów','Opis ksi¹¿ki "SMS-y zza grobów"','Krymina³','0000A');

INSERT INTO Ksi¹¿ki
VALUES ('0000F', 'Jedna czêœæ','Opis ksi¹¿ki "Jedna czêœæ"','Przygodowa','0000A');

INSERT INTO Ksi¹¿ki
VALUES ('00010', 'Próba woli','Opis ksi¹¿ki "Próba woli"','Thriller','00000');

INSERT INTO Ksi¹¿ki
VALUES ('00011', 'Echo z nicoœci','Opis ksi¹¿ki "Echo z nicoœci"','Science Fiction','00001');


INSERT INTO Wydania
VALUES ('1031971160322', 1,'2018-08-12', 356, '00000', 'Wasper');

INSERT INTO Wydania
VALUES ('1649656760040', 2,'2021-12-04', 321, '00000', 'Wasper');

INSERT INTO Wydania
VALUES ('6417759128846', 1,'2022-01-26', 401, '00001', 'Wasper');

INSERT INTO Wydania
VALUES ('5834563304670', 1,'2019-07-06', 299, '00002', 'Pi¹ta strona');

INSERT INTO Wydania
VALUES ('1141128060873', 2,'2020-01-04', 376, '00003', 'Muza');

INSERT INTO Wydania
VALUES ('8780776725616', 1,'2017-04-18', 259, '00004', 'Wydawnictwo Lagora');

INSERT INTO Wydania
VALUES ('9539091252256', 3,'2012-11-29', 839, '00005', 'Wszechœwiat Ksi¹¿ki');

INSERT INTO Wydania
VALUES ('7601985266897', 1,'2021-02-11', 312, '00006', 'Znaki');

INSERT INTO Wydania
VALUES ('3675328645840', 1,'2022-01-23', 652, '00007', 'Wasper');

INSERT INTO Wydania
VALUES ('7912766924593', 3,'2018-01-23', 701, '00008', 'W.U.B.');

INSERT INTO Wydania
VALUES ('3688031545840', 1,'2022-12-01', 548, '00009', 'Wydawnictwo Lagora');

INSERT INTO Wydania
VALUES ('3582143595907', 1,'2018-08-28', 319, '0000A', 'PZN');

INSERT INTO Wydania
VALUES ('8088148986455', 1,'2017-03-29', 380, '0000B', 'PZN');

INSERT INTO Wydania
VALUES ('8088148923368', 2,'2019-06-29', 325, '0000B', 'PZN');

INSERT INTO Wydania
VALUES ('1007141905371', 1,'2020-06-01', 254, '0000C', 'PZN');

INSERT INTO Wydania
VALUES ('6255565853323', 2,'2019-03-23', 331, '0000D', 'Czerwone');

INSERT INTO Wydania
VALUES ('1790636767167', 1,'2020-02-19', 361, '0000E', 'Foxal');

INSERT INTO Wydania
VALUES ('9633050383534', 3,'2021-11-20', 406, '0000F', 'Pi¹ta strona');


INSERT INTO Opinie
VALUES ('00000', 5, '','2022-09-12', '00000', '00012');

INSERT INTO Opinie
VALUES ('00001', 3, '','2021-03-08', '00008', '0000B');

INSERT INTO Opinie
VALUES ('00002', 4, '','2022-09-12', '00009', '0000F');

INSERT INTO Opinie
VALUES ('00003', 4, '','2022-11-16', '0000D', '00014');

INSERT INTO Opinie
VALUES ('00004', 5, '','2022-12-01', '00002', '00014');

INSERT INTO Opinie
VALUES ('00005', 2, '','2021-07-11', '00007', '00012');

INSERT INTO Opinie
VALUES ('00006', 5, '','2022-01-26', '0000F', '0000B');

INSERT INTO Opinie
VALUES ('00007', 4, '','2022-08-01', '00000', '0000B');

INSERT INTO Opinie
VALUES ('00008', 3, '','2022-05-12', '0000A', '0000F');

INSERT INTO Opinie
VALUES ('00009', 4, '','2022-02-09', '0000B', '00011');

INSERT INTO Opinie
VALUES ('0000A', 5, '','2022-10-19', '0000C', '00010');

INSERT INTO Opinie
VALUES ('0000B', 5, '','2022-10-19', '00000', '0000F');

INSERT INTO Opinie
VALUES ('0000C', 5, 'Bardzo dobra ksi¹¿ka','2022-12-19', '0000B', '0000E');


INSERT INTO Czêœci_zamówieñ
VALUES ('00000', '9633050383534', 2);

INSERT INTO Czêœci_zamówieñ
VALUES ('00001', '1790636767167', 1);

INSERT INTO Czêœci_zamówieñ
VALUES ('00001', '3688031545840', 3);

INSERT INTO Czêœci_zamówieñ
VALUES ('00002', '7912766924593', 1);

INSERT INTO Czêœci_zamówieñ
VALUES ('00003', '1031971160322', 1);

INSERT INTO Czêœci_zamówieñ
VALUES ('00004', '1649656760040', 1);

INSERT INTO Czêœci_zamówieñ
VALUES ('00004', '8088148986455', 2);

INSERT INTO Czêœci_zamówieñ
VALUES ('00004', '1790636767167', 1);

INSERT INTO Czêœci_zamówieñ
VALUES ('00005', '6417759128846', 1);

INSERT INTO Czêœci_zamówieñ
VALUES ('00005', '1141128060873', 3);

INSERT INTO Czêœci_zamówieñ
VALUES ('00006', '7912766924593', 1);

INSERT INTO Czêœci_zamówieñ
VALUES ('00007', '1031971160322', 2);

INSERT INTO Czêœci_zamówieñ
VALUES ('00008', '5834563304670', 1);

INSERT INTO Czêœci_zamówieñ
VALUES ('00009', '8088148986455', 1);

INSERT INTO Czêœci_zamówieñ
VALUES ('0000A', '3582143595907', 2);

INSERT INTO Czêœci_zamówieñ
VALUES ('0000A', '6255565853323', 1);

INSERT INTO Czêœci_zamówieñ
VALUES ('0000A', '1007141905371', 1);

INSERT INTO Czêœci_zamówieñ
VALUES ('0000A', '1649656760040', 1);

INSERT INTO Czêœci_zamówieñ
VALUES ('0000B', '8780776725616', 5);

INSERT INTO Czêœci_zamówieñ
VALUES ('0000C', '6417759128846', 1);

INSERT INTO Czêœci_zamówieñ
VALUES ('0000D', '1649656760040', 2);

INSERT INTO Czêœci_zamówieñ
VALUES ('0000E', '9539091252256', 1);

INSERT INTO Czêœci_zamówieñ
VALUES ('0000F', '7601985266897', 1);

INSERT INTO Czêœci_zamówieñ
VALUES ('00010', '8088148923368', 1);

INSERT INTO Tabela
VALUES ('00000', '00000', '9633050383534');

INSERT INTO Tabela
VALUES ('00001', '00000', '9633050383534');

INSERT INTO Tabela
VALUES ('00002', '00001', '1790636767167');

INSERT INTO Tabela
VALUES ('00003', '00002', '7912766924593');

INSERT INTO Tabela
VALUES ('00004', '00003', '1031971160322');

INSERT INTO Tabela
VALUES ('00005', '00003', '1031971160322');

INSERT INTO Tabela
VALUES ('00006', '00004', '1649656760040');

INSERT INTO Tabela
VALUES ('00007', '00004', '8088148986455');

INSERT INTO Tabela
VALUES ('00008', '00006', '7912766924593');

INSERT INTO Tabela
VALUES ('00009', '00004', '1790636767167');

INSERT INTO Tabela
VALUES ('0000A', '00005', '6417759128846');

INSERT INTO Tabela
VALUES ('0000B', '00006', '7912766924593');

INSERT INTO Tabela
VALUES ('0000C', '00008', '5834563304670');

INSERT INTO Tabela
VALUES ('0000D', '00009', '8088148986455');

INSERT INTO Tabela
VALUES ('0000E', '00009', '8088148986455');

INSERT INTO Tabela
VALUES ('0000F', '0000A', '3582143595907');

INSERT INTO Tabela
VALUES ('00010', '0000D', '1649656760040');

INSERT INTO Tabela
VALUES ('00011', '0000E', '9539091252256');

INSERT INTO Tabela
VALUES ('00012', '0000F', '7601985266897');
